,id,name,platform,cate,publish_date,contract
0,12484,HEX,eth,risk,2020-06-05,['0x2b591e99afe9f32eaa6214f7b7629768c40eeb39']
1,12710,Forsage Smartway,eth,risk,2020-06-05,['0x5acc84a3e955Bdd76467d3348077d003f00fFB97']
2,11762,Bitrearer,eth,risk,2020-06-05,['0xD86CE1b1C1bbdBf6F4bfEb108E2Fd8389501f654']
3,12936,EcoSmartECS,tron,risk,2020-06-05,"['TH3sKvcNDwFng8ajJWMVGFx9YRsLW5yEHq', 'TWB58Ct9ktpbkt46g9oyzae3VFnATSXLr9']"
4,12055,MillionMoney,eth,risk,2020-06-05,"['0xbCF935D206Ca32929e1b887a07Ed240f0D8CCD22', '0x4Dcf60F0cb42c22Df36994CCBebd0b281C57003A']"
5,12587,DoubleWay,eth,risk,2020-06-05,['0xa22c1b5320108c19db53f58241fd64b105562296']
6,11352,Bank of TRON (+BTT),tron,risk,2020-06-05,"['TKHNnSAu9MZB5VgmuEAPxciMY6HFDAEzx5', 'TF4m79ExoxxhCTMeDkKTXY1ygPbcd8wHxS']"
7,12072,CryptoFriends,tron,risk,2020-06-05,['TMBQFtWgfGnmbis96fcAtrH6Zr5nctxGSD']
8,12922,Ethrun,eth,risk,2020-06-05,['0x206C97c79368a29631d26f16405217154e4cCD41']
9,12965,Billion Money,eth,risk,2020-06-05,['0xFf8E926D0d92B5da930F5534a79E5B821f719F8A']
10,12694,Fomo5k,eth,risk,2020-06-05,['0x4a3232cDE9670E5214F6864089b70F7426729DC8']
11,11552,CryptoHands,eth,risk,2020-06-05,['0xA315bD2e3227C2ab71f1350644B01757EAFf9cb4']
12,11553,Onigiri Bank,eth,risk,2020-06-05,['0x3fb111feD284aEA5E3Db069Fa12045d61f78668A']
13,12991,ETHBULL,eth,risk,2020-06-05,['0xbe1F94f08db7Db10bAA4858411D8Fb5C9279B3D9']
14,12682,BeeHive Fast,tron,risk,2020-06-05,"['TEG7E5gFbGADF2DP8gL2X6tmbEZvd8iL23', 'THzHLVopV7DF24fWThBjeVxr1x1FYBSwSN', 'TBZswBLF2v8RSq9UwFJeMbMchECtqEmzSY', 'TS51cKUzn3Yx3EHfkaQEcGss9TiMiK7Baf']"
15,12816,BULLRUN 3.0,eth,risk,2020-06-05,['0x924a99087196F4B23e312aE6110218e54E0DBb51']
16,12895,Crypto Life,eth,risk,2020-06-05,['0x1DEEBAcfc38e37513967eb487a16583436e4F6E6']
17,13063,ETHERKING,eth,risk,2020-06-05,"['0xa00B638E67C6b2D2D2Fbf025d8D7625f8096A498', '0xC1e072751c7287a466844dAEEEe203eCAAE34857', '0xcf7CDbd3DE63764f6724F55f1De79A7054085Eb9', '0x9D1Fc836eCeB4487a77e6eac3C0B85121d8d9C9d', '0x70E59FEAEaf7bf3612C81a2bf31399FA2660fA1f', '0xAb5CfFAAEc03EfC94aB5C0C4c0BC85ae2b2B65AC']"
18,12900,Ethernity Money,eth,risk,2020-06-05,['0xB3DD9429035c29CC787d50ffcd14dE9E35657c9D']
19,13133,Zozo,eth,risk,2020-06-05,['0x900C60ad07e7636dCeED25A919C63b3819bD7E9d']
20,12143,Smartex,eth,risk,2020-06-05,['0x4abE410ae11835263203D4cA8eE222a38725396b']
21,12673,Absolutus,eth,risk,2020-06-05,['0x0C9e046e22a04Ce91B6036F3f7496A4FbD827260']
22,12056,Shuffle.Monster V3,eth,risk,2020-06-05,"['0x0515023dc5ab2a88713ab5a03011e56ea754ad6f', '0x536956Fab86774fb55CfaAcF496BC25E4d2B435C', '0x3a9fff453d50d4ac52a6890647b823379ba36b9e']"
23,12581,JUSTGAME,tron,risk,2020-06-05,['TWjkoz18Y48SgWoxEeGG11ezCCzee8wo1A']
24,13009,Unixo,eth,risk,2020-06-05,['0x015496890621576deffaE01dB042106B23D76062']
25,12733,NGUYENPHUNHO,eth,risk,2020-06-05,['0x79c0ce16329055f2e49ccf21352ee9775dd9be4a']
26,10402,Gandhiji,eth,risk,2020-06-05,['0x167cB3F2446F829eb327344b66E271D1a7eFeC9A']
27,12212,PyraBank,tron,risk,2020-06-05,['TW9kp4k9fJnSsodoKGJkNUxjB7nfc7pU2e']
28,12360,CatPromotion,tron,risk,2020-06-05,"['TWpbua1cxoR17wzuUquaNmcUTPFHNrc1nP', 'TG99sFX2TVsw9TxjoPJdLaVMAwqWsHTBuR']"
29,11622,Topuppins,eth,risk,2020-06-05,['0x2a65Aca4D5fC5B5C859090a6c34d164135398226']
30,12741,ETHERA.LIVE,eth,risk,2020-06-05,['0xCc6D70525c53D72D1397Bd7D9162E92a24618B94']
31,12751,ETHEREUMS•CASH,eth,risk,2020-06-05,['0xFa330d901dAD0943e8a82e61E29944f7Bfd90044']
32,12943,EasyPool,eth,risk,2020-06-05,['0x0F1b2a4b049e69e651D9651072A5D6E44A030Ae4']
33,12844,MILLIONAIRE VINE,eth,risk,2020-06-05,['0x271DE8577C1dE7070A7e5508f11019318b46821B']
34,13094,Bullrun5,eth,risk,2020-06-05,['0xf56aeeba4c9307805513888cfb75eb5883e761a0']
35,13036,skyether,eth,risk,2020-06-05,['0x514DFb37fd6F9d8F0bf653828aAdA3fD1D96bF8C']
36,12886,etherpool,eth,risk,2020-06-05,['0x0b6572076a4e657f288c2a1a0ce9bf93b54fedef']
37,12995,UltraSpace Pool,eth,risk,2020-06-05,['0x44c099ca88cb2bb98a21658818ff28ef2680f3fb']
38,12183,Blue Chip Fund,eth,risk,2020-06-05,['0xabEFEc93451A2cD5D864fF7b0B1604dFC60e9688']
39,12969,tigersline,eth,risk,2020-06-05,['0xC05D8c9b12dF5A37E002639505D2189E5847eF5B']
40,12869,Tiger Cash,eth,risk,2020-06-05,['0x36d9d5d74940e1c659c8a92eaf654c2caede77ba']
41,13131,Bullrun Network,eth,risk,2020-06-05,['0x8b5E3cB43Bcc54Ff2c9e1f0d41869196309B1f70']
42,13095,BullRun V8 Gold,eth,risk,2020-06-05,['0xE989cAF07AD870C1f059924FC096b00b5c048Bb6']
43,12542,Etherlly,eth,risk,2020-06-05,['0xFCb2b80A6fA111f61e7A1165a031221DB6a8EA5D']
44,12384,Diamond Dividends,eth,risk,2020-06-05,['0x84CC06edDB26575A7F0AFd7eC2E3e98D31321397']
45,12675,Etrix,eth,risk,2020-06-05,['0xCB8E1352034b97Fb60fDD891c0b23A32AF29d25d']
46,13070,TTMINE,eth,risk,2020-06-05,['0xFb9f47990C91541Aa8f347f26Cdd7e87801b19b1']
47,12778,ETHERA•UK,eth,risk,2020-06-05,['0x73386e25F5BbD74B43FA4429487D834725e3CD7F']
48,12167,大富翁,eth,risk,2020-06-05,['0x444231E553E40c8C096632CE600A48d9F9E96707']
49,12944,elephantluck.cash,eth,risk,2020-06-05,['0xf0edffad0605421c0d1d35e2ae7d045a23ee4d8a']
50,11672,Space Miners,eth,risk,2020-06-05,['0x3d5c028F34d29910C465d7DF3c19e12bc58e18EA']
51,1246,CryptoHoma,eth,risk,2020-06-05,['0xbd5b1ee23B193Bf1E8D41Adf67abDe9023726C93']
52,171,PoWH 3D,eth,risk,2020-06-05,['0xb3775fb83f7d12a36e0475abdd1fca35c091efbe']
53,11217,Xdapp (EOS),eos,risk,2020-06-05,['xdappactions']
54,12568,TronDash TRX Bank,tron,risk,2020-06-05,['TKBWWZUkgTrsYTTfxNY2pxzGE9acqNr2Na']
55,12523,Dapp Investor,tron,risk,2020-06-05,"['TF5FddPTQ5H2xFNsR479XWDsxQ7cWvDP4M', 'TFZza2MB3uLKEEgipV6Hjcpzzepy4ecVNu']"
56,830,Fomo3D,eth,risk,2020-06-05,"['0xc7029Ed9EBa97A096e72607f4340c34049C7AF48', '0xD60d353610D9a5Ca478769D371b53CEfAA7B6E4c', '0xA62142888ABa8370742bE823c1782D17A0389Da1', '0x4e8ecF79AdE5e2C49B9e30D795517A81e0Bf00B8', '0xdd4950F977EE28D2C132f1353D1595035Db444EE']"
57,12188,King Token (KGT),tron,risk,2020-06-05,"['TQF2oSSqmN9KCbNqw43gEovCw11xkbwK5k', 'TPJ5xSYhbMf77oegALChHAzUtWdry9arcH', 'TKs7Bkbh9tXyTdAKfSni5nnPRTcgLu7XWf', 'TAeYCbGg6y6Tt5G7yxwXqcxNuqCdUSCK7H', 'TAy2Td3ppLwQe2Att8AuLNob3HRoifMrd4', 'TMCaW2eKVxbgjRozDNo1jSEUMZYvq7S716', 'TEZ1zACsvpYbMVXo5HuPYumKxmtXagQmQZ']"
58,11472,Gako Binary Option,eos,risk,2020-06-05,"['TFgnfZMSJpjsmZzuMnP4u5ZDbqpPNNqHw3', 'roulettefees', 'gakomainnet2', 'TXSjGe7jtfHwiTFxxfER8PKVz9vc1N8u2x', 'gakotokennnn', 'gakomainnet1', 'gakomainnet3']"
59,12414,EtherHives,eth,risk,2020-06-05,"['0x1C637AFa00559900bfb3Eb58aE26EAB38449EAc4', '0xF4106E7cE40b41976AC8F198bda2c51Afa943784']"
60,11904,Lucky Network,tron,risk,2020-06-05,"['TMPXZcqjb4M38Uhi9CamYrPTtsgb8gDN5f', 'TFtgyrZJ238XDxpN8w8v8enee1fvNCU7HD', 'TAoErUyMcUG3AXknkCWKo4FvcoRTMkf1Vp', 'TY3foCGUcyR1orp4H9FWgzgcqqtMVhdqEb', 'TYPckEpk6dGF54KbULk3xcX4ELEiVtVF6q', '0x65e68B87F1380B92692f7Af47CbeFf917eE27A16', 'TJLwvP6kKNKjEij6qxmFgJ54bsKqcDyKQd', 'TMfwh2FbGad1ofpr93ktxeyAj2utypJdJ5', 'TRsyiZm4pVCMbVufSEfU2Su49gY5pxmLPT', 'TS7BX28pnEmnt6z6ipqnoYZingA1sAkrCS', 'TVmnQdZF9Z4j7W56umoJKNAWWCGYaUCykS']"
61,11386,TronFund,tron,risk,2020-06-05,['TNGqUiKycPN6tGpDp1nyrqYVj4yYcynw1z']
62,10367,P3T.NETWORK(closed),tron,risk,2020-06-05,['TEEEQGmbZoeHA24EVG91b6u9zsbWUfefPF']
63,11277,TCH5,tron,risk,2020-06-05,"['TED3xqMYFsQjpxcDDy82Aj27tA5QQfhLde', 'TY7qBmP7mFDGCh6tsBtBkH5EeMaL9DUHsm']"
64,12670,Ovirus,tron,risk,2020-06-05,['TJSF4iVkzkRkYwEVNkqJkeGDaZpnFbGy9x']
65,12351,TronLoot,tron,risk,2020-06-05,['T9zM3QLAH9VkS6btHq2uHCPNsr4ZYPbYzV']
66,11266,Tron Double - Doo,tron,risk,2020-06-05,['TRh3QviVDbrrgunGrY2UEACnEPHt8bSKAV']
67,11257,Tronopoly,tron,risk,2020-06-05,['TWGScvbS52BjAiSfZ6F7ankhVT3QqWyt7f']
68,11027,Tron Double,tron,risk,2020-06-05,"['TCe5cauDU5KDWmDVSWXLAZ3CWTBgSkNMUb', 'TJPdcmWdoHtrnM7J9qUHxYeKYjPktk4naY']"
69,12424,8therBank,eth,risk,2020-06-05,['0xc6e5e9c6f4f3d1667df6086e91637cc7c64a13eb']
70,1381,333 EOS,eos,risk,2020-06-05,['eos2betprime']
71,11108,TronWorlds,tron,risk,2020-06-05,['TJYNMUtUeDTEQGHKQQ7ZijMkh1E2kGKg4C']
72,11275,TronDeposit TD3D NEW,tron,risk,2020-06-05,"['TMg32sQEW45NDGVmJChT4TRTsZj6aoiDFb', 'TCtuJ5CbX9YuvzyeLri8aVGgvubjqSNgRy', 'TFpvt7L2tzs8KR1SNNspqx5Tb645ZWQeAc']"
73,12220,DeFi 2.0,eth,risk,2020-06-05,['0x01736a779d889cf048f7a7b5f55ea5c3727bd0bd']
74,11974,Libra TRON,tron,risk,2020-06-05,['TSYvt6QXopGCc2w73L3SD6sgz8NgRVeK6h']
75,10170,Mizhen Game,eth,risk,2020-06-05,"['0x15F25672A318F193c9253752A3cE4961a45AE9D4', '0x0bC146385d4A1b64bF214279D7B84784F1adE72b']"
76,1250,EthProfit.io,eth,risk,2020-06-05,['0x9b5bbb16A7a68660f6503EfF6c8E3159820D6396']
77,12440,Hyip Dapp Pool,eth,risk,2020-06-05,['0x4acdcd9ad9d73235f104e52df2bbfb8de61937fc']
78,11006,[TRON]invest,tron,risk,2020-06-05,['TS7EoK2qGwKApuzAW3p2vp3DnUeb1vJERV']
79,11073,Tron777,tron,risk,2020-06-05,['TLhvVusrXyw9XuBi7rzh6b9ikfSy9kSbty']
80,11595,EOS100%ROI,eos,risk,2020-06-05,['eosroieosroi']
81,10362,Bribery,tron,risk,2020-06-05,['T9zxMJKB2rn85Agz3ba4MfgFgeabRKMBDv']
82,10041,TotalMoney,eth,risk,2020-06-05,['0xe492EF69e1058b749D282886eA544670e5f08aFD']
83,12566,HolidayGiftBox,tron,risk,2020-06-05,['TQ3eRSN5CweUMbgNc8P4QmiX4S4HgtSvay']
84,12763,NTS Crypto Deposit,eth,risk,2020-06-05,"['0x3B39FBe86e4a8EE37A4928eE6877A46aaA47CE06', '0x897D6c6772B85bf25B46c6F6DA454133478ea6ab', '0x709865523b61C905A10Dcc317D5578Af3180D577']"
85,10343,ETHedge,eth,risk,2020-06-05,['0xfc81655585F2F3935895C1409b332AB797D90B33']
86,1238,Nasdaq,eth,risk,2020-06-05,"['0x330AC216A5a8ccd493f3B9e33A524be3c7124217', '0xe125B67892Dd6b9345AABF2d077ac62D8eb7d335', '0x9e8aC66431d49c9C0fE4c4CD21AF8fc458e5A26A', '0xb5Db1E5c717fC3022FED113BcA95698822F156F2', '0xfD8b5e3bB31F71576b21DC7378dDA6D13fdC8Bff', '0x09011B803cc859bBda9751C742EC144DE6b6C15B']"
87,12990,Ether Magic,eth,risk,2020-06-05,['0x36e26d22d2f843183CDDC4E8886937EF7f8a2a9e']
88,1293,Dponzi,eth,risk,2020-06-05,['0x7d3B6B1360fa83482Ed0284f9b9aC4e48eDBCAa5']
89,11585,TronPond,tron,risk,2020-06-05,['TXmKnHcF6esfrjNdznr3qGQwqRd7shGGy2']
90,11164,TronHeist,tron,risk,2020-06-05,"['TEvnnwgSKvqKi3ZYJ1Sr91cyf48PsM8Q5f', 'TN4RNdjg48G71UyYWuvZATbjPAPxEJ4geu', 'TDQcRQMtq4yKZ5rFDwuYy175qJPwhXRZKy', 'TANyW4KLU1XqMUs7QchfqohVFhqxxdmNGn', 'THVxznULpjDn9iAtTYapRF3nYwdtPuvRKS']"
91,11095,区块信仰图,eos,risk,2020-06-05,['oraclesfaith']
92,11916,TRON VENDING,tron,risk,2020-06-05,['TE6Edgq4WboP41G6SfjGs67cub7N18CC5Y']
93,10649,FirstWinner,eth,risk,2020-06-05,"['0xc1fcB97d691925Fe28b60d6e4836E5A00E091030', '0x1Df85146Fe7D812781DCE319532C172CDfC42A43']"
94,11063,Slugroad,eth,risk,2020-06-05,['0x71A42FD60323204912468CD32a8283Ed5D45A28f']
95,10625,Crypto Skyscraper,eos,risk,2020-06-05,['ccskyscraper']
96,12545,CryptoTomatoes,eth,risk,2020-06-05,['0xdA1000F6E6f19e86Ef30dC8f3709291615e0bFB2']
97,1280,MagicX,eth,risk,2020-06-05,"['0x26Dd9Ad2293b267BfB063B8D5447A04F6d0e88Fc', '0xBa28324Ca4c494F9bbed0619aABE8C43e237A9D6']"
98,10896,ETHUP,eth,risk,2020-06-05,['0xccd28862Bcf274Bf6Da4cd5F6B174443Ff051599']
99,11691,Morrex,eth,risk,2020-06-05,['0xa32006a122b96b10c70d5ca794eca6643b6ac32c']
100,10054,Efirica,eth,risk,2020-06-05,['0x896498dAF4595d70965517d4385E895448E269cA']
101,11325,0xowns art,eth,risk,2020-06-05,['0xF4DD29BfD2698Db644218493DCcb36F0915c8617']
102,11468,Tron666,tron,risk,2020-06-05,['TDLzS3sNt4CavMK7K2VyrDShT8r8Ks5Spu']
103,12554,Send Me Tron,tron,risk,2020-06-05,['TDAPLxUE3xC7uhYX4Vw2s3iYhGJxY9Bcgr']
104,11481,Blockvest,tron,risk,2020-06-05,['TEkWvfvsNFSSD2cwJNDNdcSAf32KJ1Xnda']
105,12547,RED BOX DAPP,eth,risk,2020-06-05,['0x7105eC15995A97496eC25de36CF7eEc47b703375']
106,11179,77Tron.network,tron,risk,2020-06-05,['TF8ixm5EwYVsnYBGCcPea7GE8NL5aPV3dy']
107,10813,Mega Blockchain FOMO Tron,tron,risk,2020-06-05,['TGHrtTQMNd3cWnrk22Bohijjf9tWJy3kAk']
108,11690,BTT BitTorrent P3B Exchange,tron,risk,2020-06-05,['TGRy7KPDLW8NwR8SfxT1oaCufWbJ2mA5oo']
109,12664,Drones,tron,risk,2020-06-05,['TVmGckVVdrU3wQg9GvhnyJTDP7uS2t1bw4']
110,12724,TRXLAND© 2020,tron,risk,2020-06-05,['TP1jksmMt6ZdfxTd95g14rKpj3vcSzXYRx']
111,12201,Ships,tron,risk,2020-06-05,['TPwdG61rbj5HgUmJWLV5Gjz7pzeAMHsRQV']
112,1338,Smart Pyramid,eth,risk,2020-06-05,['0x3dA6d8F14dFcd576c46f9994D8Fd94883A8F3fe8']
113,1275,apexONE,eth,risk,2020-06-05,"['0x8c14692589190d08e917e38bbee3ac10eaf0acb4', '0x85e4cd785887cad7c6be93f2f34d5fa683f9bfcd']"
114,12669,Moriarty,eth,risk,2020-06-05,['0xd3254c8f85ea08d27016467256e52100f8ec5e81']
115,10638,Thetronnutclub,tron,risk,2020-06-05,['TKtWt22oD1KaWJFJrMrUDm21XvSKFZwfnU']
116,11122,MegaTron,tron,risk,2020-06-05,"['TCPHw6xdEAiuiCVGNkoTPWXzL2CVZJZpaV', 'TY9HDbP45BeQrzfuj7QScXjUqoJbnArU37', 'TDZtMYcxqn7KfJV8xS2FdKiRuV7tCDoUer']"
117,10370,Temple Of Tron,tron,risk,2020-06-05,['TTxXvZLV9rJSmbKsUJC7XaG4L69TnmAWCs']
118,12970,DeckPot,tron,risk,2020-06-05,['TPFYV7tbxZYpfdmrk8w8oWEXACTyEuBidW']
119,12225,TronFomo,tron,risk,2020-06-05,['TK7VHMSs6HdAbA4VZK7EYtnZng3sE8QrcQ']
120,12054,ZOO,tron,risk,2020-06-05,['TYui7fd31vSk2HBiU2HfswUVyz33qfWNso']
121,1162,Lucky7,eth,risk,2020-06-05,['0x180E35f768EB870962D2Dc04CcA1a927d206A089']
122,13081,Arcadium D1VS,tron,risk,2020-06-05,['TXf4eo6v5hKRJxY7gLzeyrb9oCdsJoq1zi']
123,10152,Invither,eth,risk,2020-06-05,['0x2A5adc5E67B6dc82d414e0a7ce8DE9A7619F3A57']
124,10398,Tron Trump Wall,tron,risk,2020-06-05,['TAu9TLfBPy3v131kxspDAPcpFaVSMhLtpG']
125,11280,Tronix,tron,risk,2020-06-05,['TSkJ5QV6U7WteG4LEYqFdBBnVwCyndLRfS']
126,11002,Smart Investments,eth,risk,2020-06-05,['0x99221ad4b9da43016569cf8cb17df5cf04fe4155']
127,1374,Miner Token Online,eth,risk,2020-06-05,['0x0Ac658884381c8c504D8E3bc059Ad5e7aCa3678a']
128,12172,EosFairWin,eos,risk,2020-06-05,['eosfairwinme']
129,12065,tronsnap,tron,risk,2020-06-05,['TJWUvgprU8h5GN7eeMR2WcTiJagmkoHzcT']
130,12628,TronBot,tron,risk,2020-06-05,"['TAxMph9grYe7FtSGYMoxHhv7tNX211dAJ9', 'TXyvRNshtVZPeTrBGCgsGGCrhrDSXUbHQq', 'TF7pbYLvrFy378cWe3d73YKeA2PZsxjoTD', 'TJyrixuST72gp3m7w2ho9hUeWA7nXQipd1']"
131,12447,IOSTPassive,iost,risk,2020-06-05,"['ContractAFW2Um9sVK8nhiCFYzjQ4wn9F28FpiHmC96g9o6WUpq4', 'Contract2zj3w2BYYFd21mi9mzkQZJDj9nRv1xXkXD5hKLT7Cemp']"
132,11404,SafeMath,tron,risk,2020-06-05,['TUEaWmyBMGQi4NJA2Gh2dsuGJ3Z3SP9nM4']
133,1136,Ether Game,eth,risk,2020-06-05,['0xbd2BD1bD6396E69112D1f51Cbaa57842cd1586C4']
134,10053,EasyLevel,eth,risk,2020-06-05,['0xFF369bb12e8bB24f3d48c5e4A8215D53D52D5b72']
135,12461,Fish n' Chips,iost,risk,2020-06-05,['ContractFsMNakVV74RhgQ9yo5opmYffZaaUqPS3g1Z6mYP95kpB']
136,12149,FairWin,eth,risk,2020-06-05,"['0x01EaCc3Ae59eE7fBBC191d63E8e1ccfdAc11628C', '0xa699153E046531b7580Da3E59d139fB8844e3F85']"
137,12198,RED CHIP FUND,eth,risk,2020-06-05,['0xae384c6e68f5D697d65eD43Fd53ef5EA3288F536']
138,10346,mlmeth,eth,risk,2020-06-05,['0x4cf5bE0819171F8703CE7fBfFF55D9397A6ABBf3']
139,1458,5inv,eth,risk,2020-06-05,['0x71b00550F1F67E6d1DB593037a4283D456c1491F']
140,12630,BBC TOKEN,tron,risk,2020-06-05,['0xCE214Bae9275d87c0fb9eDFD0E5e37E9D2df5012']
141,10014,Stock Exchange,eth,risk,2020-06-05,['0x46248a82ee39795C239049ED8eEd78D305D4205C']
142,10164,Ternary,eth,risk,2020-06-05,['0xe211839559d62278e8f3496a77eF8CBF4136cA37']
143,10363,Tron Garden,tron,risk,2020-06-05,['TJLsb8i81f6XvknUbEiPiFx5Kv8jmsYEnB']
144,11318,TronInvest,tron,risk,2020-06-05,['TJUgKV9HCrS1VpdLN7dyFjLuHsS8MVp5aA']
145,11432,SnailTroi,eth,risk,2020-06-05,['0x6fb907cd320ede21f7d7aeb8a696c50be79cb301']
146,10631,Tron Village,tron,risk,2020-06-05,['TCPFHFk9VHjTVVdzK4qFTTUmAyv9VwbJmr']
147,12552,SafeFund,tron,risk,2020-06-05,['TY9L7iyt6hwWPmLfQjfQQ3n3PWvK1HNHTP']
148,12389,Eth-Hashing,eth,risk,2020-06-05,['0xAE32b2eB7fEb0257EAA75104Eee4f3679B6aC23c']
149,11902,BOXME,eos,risk,2020-06-05,['fastecoboxme']
150,1377,Riveth,eth,risk,2020-06-05,['0xCdE17703F8A92C741c832bc93739bE88D2B1a42c']
151,1382,MyDice,eos,risk,2020-06-05,['itsmyeosdice']
152,12001,P3B Shrimp Farm(verified!),tron,risk,2020-06-05,['TWgoPZhx3od8caVsdgxQ2neN8Aqxqm9U2N']
153,10812,NTA3D,eth,risk,2020-06-05,['0xD7378939089aBD6656d3F523bF55eDcd2213332c']
154,1315,Ethernity5,eth,risk,2020-06-05,"['0x5c0F734916B17c38674Ed5867eDa22f8314672EC', '0x83Fccc659EeeeE98ca9764B7B34409347DFbc98b']"
155,1205,LootEther,eth,risk,2020-06-05,"['0x70cf39f6D5F1363416E270A6573936e8c772b670', '0x2D7fA17311BDa16df5CF63E24a3D69Ed02F804be']"
156,10280,5ETH,eth,risk,2020-06-05,['0x1946F24a313d356e52B128Fe568F453Aebff692D']
157,1311,Green Ethereus,eth,risk,2020-06-05,['0xDF93CDb6dd65c6c28c78dCdc1762aa34CAF81678']
158,10409,Farm Farm,tron,risk,2020-06-05,['TYMEQMWxSa69LuPFCEdsmRXzU7Jb1XD5jo']
159,11652,UniTron,tron,risk,2020-06-05,['TUCtshmdz1ZQ3V61F4xWrTTWeeWcbDruPS']
160,11203,Tron Double - BTT,tron,risk,2020-06-05,['TU31FFfDTniF9fRyioiqwYffw5TXkzo93F']
161,1215,Leprechaun,eth,risk,2020-06-05,['0xfCD70fCC82e94DAc57b75d5099F8b2f07fc5786C']
162,11274,TRXFLY,tron,risk,2020-06-05,"['TRA6vY5qLAyuaVuTk18dNKnLAsV7yF9nFK', 'TAhexFKoNqhBxPKoMnho5BxuY6jVY5LgNC']"
163,1278,255ETH Club,eth,risk,2020-06-05,['0x19b369f69bC5Bd6aadc4d30c179C8aC5aE6cBae0']
164,11250,Tron4You,tron,risk,2020-06-05,['TXUJrQ9nBKfuk8LUhVKVJ4q9WQpsLk8uYJ']
165,1456,WCG,eth,risk,2020-06-05,['0xbdDe5531C539D543E668D9125c5A350dF2bd5dA1']
166,11358,Tomo3D,tomo,risk,2020-06-05,['0xf9506284bbe1bc06c4ba316c29b2a28e7ab8423e']
167,12141,Spacecans,eth,risk,2020-06-05,['0x2b41D7161B8d22e60fd3dE704DA319849F85Cc81']
168,1268,EthLong,eth,risk,2020-06-05,['0xfDB1b03DaC3bE92966241A8C45B783b2BdA0732F']
169,13129,HEXRun ~ Multiply your HEX,eth,risk,2020-06-05,"['0x19465ce34f3e41f1cbd29ba57e881fc65f067ee0', '0x6b0868e546aa47852069352ad1bea48cfd34e543']"
170,1240,Easy Invest 6%,eth,risk,2020-06-05,['0x39a765eCF417f5EECBb58D6B0482F81f4d825Fff']
171,11187,P1G,tron,risk,2020-06-05,['TPb3gmWhEoCkkME537hXR4cba5tRymxRdm']
172,11315,IOSTROI,iost,risk,2020-06-05,"['Contract3KpbD8WjFD2WkQfWKNpFtCpioUDr2o95qPJ7HM5iQf9u', 'roigame']"
173,10121,EasyOption,eth,risk,2020-06-05,['0xc97fE365D35b06dDF2a0a29d0761F63eE27F4Eea']
174,10543,FreeEThereum,eth,risk,2020-06-05,['0xc3761EB917CD790B30dAD99f6Cc5b4Ff93C4F9eA']
175,1153,Easy Invest,eth,risk,2020-06-05,['0x7B307C1F0039f5D38770E15f8043b3dD26da5E8f']
176,11907,P3B Exchange (BTT),tron,risk,2020-06-05,['TNqjTvUWQ8jBhv8YyJTStsfnnU8Gvnm2KT']
177,1129,3DayProfits,eth,risk,2020-06-05,['0xb547027A4CCD46EC98199Fa88AAEDF5aA981Db26']
178,1462,Fast10ETH,eth,risk,2020-06-05,['0x4a26a7B68F0C86f0918d73CBA8cedeCdd63C4563']
179,10262,EOSTime,eos,risk,2020-06-05,"['eostimecontr', 'eostimefauce', 'eostimehouse']"
180,1200,We Cooperate Growth,eth,risk,2020-06-05,['0xC39459f4D3d9c87551F7c0fb0982BFeA0d14dda6']
181,10537,Tronkarp Farm,tron,risk,2020-06-05,['TK6Hm2aHGNs7nACinETiQGCHmcSW4G6yn5']
182,12709,oFund,tron,risk,2020-06-05,['TJ1JudqnxVzvdHkWEKqCc5qcRmcrWEQKdc']
183,1204,Grandiose,eth,risk,2020-06-05,['0x0475db744818f6F1a7224886a1B4927670790924']
184,1407,Freera,eth,risk,2020-06-05,"['0x1c0732471C07febcF9e8A076a851fFfd10eA1189', '0x0E1877bAA8620DD124800625e09fBf1a637FE593', '0xD07b6Cd36738EC108B1A6F503C0c068833112ed3', '0x20144B96BC63C85174aF585624AE45CA486d84d8']"
185,12422,DappKing,tron,risk,2020-06-05,['TS1AGosGYBDF3mJi8rX5jgZxNGYxeebr62']
186,12580,ADDI TRON,tron,risk,2020-06-05,['TUzw94v4TrVEqjQjiBNs9YKNKsfpbmPQhQ']
187,10081,Richer3D,eth,risk,2020-06-05,['0xB7a04462ae8128d10Dbdb74cBd6672D6CB5DF4A3']
188,11514,TURBOETH,eth,risk,2020-06-05,['0xF0C5391F9B69bd4B7f79c34Aac7023eF3Af1aFe0']
189,11562,Uroborus,eth,risk,2020-06-05,['0x041E24f2d52cB0Beb845ee564d81b99a8532175A']
190,12619,TronOilStation,tron,risk,2020-06-05,['TXZS1Nnepbmtz5zmfg61m1dkJMp9mo85R1']
191,10178,Xworld,tron,risk,2020-06-05,['TQmt7kpQnNd9hFbepfaRFcSrXachRNGrkT']
192,10297,TRON Shrimp Farm,tron,risk,2020-06-05,['TH3eYUrotXiAbEBbfjHvnxC3dQPA4ZbZWe']
193,11243,1H,tron,risk,2020-06-05,['TVrcPLmakDfCgr9YZA4fCeiZpuwN6a1M6p']
194,11391,TronRich - Banking & Lotto & Dice,tron,risk,2020-06-05,"['TCk8P6nzTDN4A9v8DNRY3apQE6fDsL7m3o', 'THCwavVXgHKrGuDgeFt8vT5bib1KJuuGFW', 'TKxBHo8cap6MzikrcCUA8jxfQp3nSFHvwG', 'TKNcJGZrcR3dK7QAE6WYxxcsjyFoymuaWh', 'TEoSMNi7WvVHXe2NxxDw2AeLhiwLJXxQYL']"
195,1298,RecordBreaker,eth,risk,2020-06-05,['0x37f6f8E11E1d393f59723a7e7c7E04e8D1A28787']
196,12088,RedLine,eth,risk,2020-06-05,['0x89Ef53Ef1a9e8a13aaAd897e9C1f2A4c1F688422']
197,11245,333ROI,tron,risk,2020-06-05,['TYyQMgtugnqqPMksBJwRXLGD44GvmBxPJN']
198,1402,iGuess @ DappPub,eos,risk,2020-06-05,"['admindapppub', 'guessdapppub', 'guessoptions']"
199,10055,The HODL Community,eth,risk,2020-06-05,"['0x961FA070Ef41C2b68D1A50905Ea9198EF7Dbfbf8', '0xa839E5Dd071Ef1fb245C6144190647eC1368bCa8', '0x1E2F082CB8fd71890777CA55Bd0Ce1299975B25f', '0xFf567f72F6BC585A3143E6852A2fF7DF26e5f455']"
200,10596,ETH FORTNITE,eth,risk,2020-06-05,['0x6Ae207B4717f6e6621C271F119eEBf35eBE0d2D1']
201,11186,Stockpile,tron,risk,2020-06-05,['TEiyQemoXzXNnrQDGNfka3tPiAVLUzhF6L']
202,10568,TRON SHRIMP 3D,tron,risk,2020-06-05,['THLj7cTpBqEq4zYgf25A6kZBHcEbUqHuuH']
